{
  "LaRochePosay": [
    {
      "id": 1,
      "reference": "Cicaplastbaume",
      "designation": "Baume Hyper hydratante ",
      "marque": "La Roche Posay",
      "prixAchat": "20",
      "prixVente": "60",
      "qtestock": "12",
      "imageartpetitf": "images/LaRochePosay/cicaplastbaume.avif",
      "imageartpetitfHover": "images/LaRochePosay/cicaplastbaume1.avif",
      "marque_Spec": "LaRochePosay"
    },
    {
      "id": 2,
      "reference": "ecran_anthelios",
      "designation": "Ecran solaire fluide",
      "marque": "La Roche Posay",
      "prixAchat": 40,
      "prixVente": "65",
      "marque_Spec": "LaRochePosay",
      "qtestock": "12",
      "imageartpetitf": "images/LaRochePosay/ecran_anthelios.avif",
      "imageartpetitfHover": "images/LaRochePosay/ecran_anthelios1.avif"
    },
    {
      "id": 3,
      "reference": "ecran_anthelios_peau_grasse",
      "designation": "Ecran solaire fluide anti imperfections",
      "marque": "La Roche Posay",
      "prixAchat": 40,
      "marque_Spec": "LaRochePosay",
      "prixVente": "65",
      "qtestock": "12",
      "imageartpetitf": "images/LaRochePosay/ecran_anthelios_peau_grasse.avif",
      "imageartpetitfHover": "images/LaRochePosay/ecran_anthelios_peau_grasse1.avif"
    },
    {
      "id": 4,
      "reference": "effaclarduo+",
      "designation": "Gel anti imperfections",
      "marque": "La Roche Posay",
      "prixAchat": 40,
      "marque_Spec": "LaRochePosay",
      "prixVente": "65",
      "qtestock": "30",
      "imageartpetitf": "images/LaRochePosay/effaclarduo+.avif",
      "imageartpetitfHover": "images/LaRochePosay/effaclarduo+1.avif"
    },
    {
      "id": 5,
      "reference": "effaclarduo+M",
      "designation": "Gel destiné aux peaux à tendance acnéique",
      "marque": "La Roche Posay",
      "prixAchat": 40,
      "marque_Spec": "LaRochePosay",
      "prixVente": "70",
      "qtestock": "30",
      "imageartpetitf": "images/LaRochePosay/effaclarduo+M.avif",
      "imageartpetitfHover": "images/LaRochePosay/effaclarduo+M1.avif"
    },
    {
      "id": 6,
      "reference": "effaclarteinte",
      "designation": "Gel Effaclar teinté",
      "marque": "La Roche Posay",
      "prixAchat": 40,
      "prixVente": "62",
      "qtestock": "30",
      "imageartpetitf": "images/LaRochePosay/effaclarteinte.avif",
      "imageartpetitfHover": "images/LaRochePosay/effaclarteinte1.avif",
      "marque_Spec": "LaRochePosay"
    },
    {
      "id": 7,
      "reference": "fond_de_teint",
      "designation": "fond de teint teinté",
      "marque": "La Roche Posay",
      "prixAchat": 40,
      "prixVente": "80",
      "qtestock": "20",
      "imageartpetitf": "images/LaRochePosay/fond_de_teint.avif",
      "imageartpetitfHover": "images/LaRochePosay/fond_de_teint1.avif",
      "marque_Spec": "LaRochePosay"
    },
    {
      "id": 8,
      "reference": "Gel moussant",
      "designation": "Gel moussant anti imperfections",
      "marque": "La Roche Posay",
      "prixAchat": 40,
      "prixVente": "70",
      "qtestock": "20",
      "imageartpetitf": "images/LaRochePosay/gelmoussanteffaclar.avif",
      "imageartpetitfHover": "images/LaRochePosay/gelmoussanteffaclar1.avif",
      "marque_Spec": "LaRochePosay"
    },
    {
      "id": 9,
      "reference": "Huile lavante",
      "designation": "Huile lavante",
      "marque": "La Roche Posay",
      "prixAchat": 40,
      "prixVente": "55",
      "qtestock": "25",
      "imageartpetitf": "images/LaRochePosay/huile_lavante.avif",
      "imageartpetitfHover": "images/LaRochePosay/huile_lavante1.avif",
      "marque_Spec": "LaRochePosay"
    },
    {
      "id": 10,
      "reference": "Sérum HyaluB5",
      "designation": "Sérum HyaluB5",
      "marque": "La Roche Posay",
      "prixAchat": 40,
      "prixVente": "120",
      "qtestock": "25",
      "imageartpetitf": "images/LaRochePosay/HyaluB5serum.avif",
      "imageartpetitfHover": "images/LaRochePosay/HyaluB5serum1.avif",
      "marque_Spec": "LaRochePosay"
    },
    {
      "id": 11,
      "reference": "Sérum HyaluB5 yeux",
      "designation": "Sérum HyaluB5 pour les yeux anti rides",
      "marque": "La Roche Posay",
      "prixAchat": 40,
      "prixVente": "90",
      "qtestock": "25",
      "imageartpetitf": "images/LaRochePosay/HyaluB5serum_yeux.avif",
      "imageartpetitfHover": "images/LaRochePosay/HyaluB5serum_yeux1.avif",
      "marque_Spec": "LaRochePosay"
    },
    {
      "id": 12,
      "reference": "Hydraphase intense pour yeux",
      "designation": "Hydraphase intense pour yeux",
      "marque": "La Roche Posay",
      "prixAchat": 40,
      "prixVente": "80",
      "qtestock": "25",
      "imageartpetitf": "images/LaRochePosay/hydraphase_intense_yeux.avif",
      "imageartpetitfHover": "images/LaRochePosay/hydraphase_intense_yeux1.avif",
      "marque_Spec": "LaRochePosay"
    },
    {
      "id": 13,
      "reference": "Lait hydratant",
      "designation": "Lait hydratant SPF50 Kids",
      "marque": "La Roche Posay",
      "prixAchat": 40,
      "prixVente": "70",
      "qtestock": "25",
      "imageartpetitf": "images/LaRochePosay/lait_hydratant_anthelios.jpg",
      "imageartpetitfHover": "images/LaRochePosay/lait_hydratant_anthelios1.jpg",
      "marque_Spec": "LaRochePosay"
    },
    {
      "id": 14,
      "reference": "Lait hydratant",
      "designation": "Lait hydratant SPF50",
      "marque": "La Roche Posay",
      "prixAchat": 40,
      "prixVente": "75",
      "qtestock": "25",
      "imageartpetitf": "images/LaRochePosay/lait_hydratant_anthelios_spf50.jpg",
      "imageartpetitfHover": "images/LaRochePosay/lait_hydratant_anthelios_spf501.jpg",
      "marque_Spec": "LaRochePosay"
    },
    {
      "id": 15,
      "reference": "Gel_nettoyant_demaquillant",
      "designation": "Gel nettoyant et démaquillant",
      "marque": "La Roche Posay",
      "prixAchat": 40,
      "prixVente": "65",
      "qtestock": "25",
      "imageartpetitf": "images/LaRochePosay/nettoyant&demaquillant.avif",
      "imageartpetitfHover": "images/LaRochePosay/nettoyant&demaquillant1.avif",
      "marque_Spec": "LaRochePosay"
    },
    {
      "id": 16,
      "reference": "serum_effaclar",
      "designation": "Sérum Effaclar",
      "marque": "La Roche Posay",
      "prixAchat": 90,
      "prixVente": "125",
      "qtestock": "25",
      "imageartpetitf": "images/LaRochePosay/serum_effaclar.avif",
      "imageartpetitfHover": "images/LaRochePosay/serum_effaclar1.avif",
      "marque_Spec": "LaRochePosay"
    },
    {
      "id": 17,
      "reference": "serum_B5",
      "designation": "Sérum B5",
      "marque": "La Roche Posay",
      "prixAchat": 90,
      "prixVente": "128",
      "qtestock": "25",
      "imageartpetitf": "images/LaRochePosay/serumB5.avif",
      "imageartpetitfHover": "images/LaRochePosay/serumB51.avif",
      "marque_Spec": "LaRochePosay"
    },
    {
      "id": 18,
      "reference": "solution_micellaire",
      "designation": "Solution Micellaire",
      "marque": "La Roche Posay",
      "prixAchat": 90,
      "prixVente": "95",
      "qtestock": "75",
      "imageartpetitf": "images/LaRochePosay/solution_micellaire.jpg",
      "imageartpetitfHover": "images/LaRochePosay/solution_micellaire1.jpg",
      "marque_Spec": "LaRochePosay"
    },
    {
      "id": 19,
      "reference": "Toleriane",
      "designation": "Toleriane",
      "marque": "La Roche Posay",
      "prixAchat": 52,
      "prixVente": "95",
      "qtestock": "50",
      "imageartpetitf": "images/LaRochePosay/toleriane.avif",
      "imageartpetitfHover": "images/LaRochePosay/toleriane1.avif",
      "marque_Spec": "LaRochePosay"
    },
    {
      "id": 20,
      "reference": "Vitamine C",
      "designation": "Vitamine C:coup d'éclat",
      "marque": "La Roche Posay",
      "prixAchat": 58,
      "prixVente": "130",
      "qtestock": "58",
      "imageartpetitf": "images/LaRochePosay/vitaminec.avif",
      "imageartpetitfHover": "images/LaRochePosay/vitaminec1.avif",
      "marque_Spec": "LaRochePosay"
    }
  ],
  "Cerave": [
    {
      "id": 1,
      "reference": "baume_hydratante",
      "designation": "Baume Hydratante pour une peau très sèches",
      "marque": "Cerave",
      "prixAchat": 30,
      "prixVente": "45",
      "qtestock": "20",
      "imageartpetitf": "images/Cerave/baume_hydratant.avif",
      "imageartpetitfHover": "images/Cerave/baume_hydratant1.avif",
      "marque_Spec": "Cerave"
    },
    {
      "id": 2,
      "reference": "baume_hydratante_peau_sèche",
      "designation": "Baume Hydratante pour une peau très sèches",
      "marque": "Cerave",
      "prixAchat": 30,
      "prixVente": "65",
      "qtestock": "30",
      "imageartpetitf": "images/Cerave/baume_hydratant_peau_sèche.avif",
      "imageartpetitfHover": "images/Cerave/baume_hydratant_peau_sèche1.avif",
      "marque_Spec": "Cerave"
    },
    {
      "id": 3,
      "reference": "crème_hydratante_peau_sèche",
      "designation": "Crème Hydratante pour une peau très sèches SPF50",
      "marque": "Cerave",
      "prixAchat": 30,
      "prixVente": "55",
      "qtestock": "30",
      "imageartpetitf": "images/Cerave/crème_hydratante.avif",
      "imageartpetitfHover": "images/Cerave/crème_hydratante1.avif",
      "marque_Spec": "Cerave"
    },
    {
      "id": 5,
      "reference": "crème_lavante",
      "designation": "Crème lavante  pour une peau très sèches",
      "marque": "Cerave",
      "prixAchat": 30,
      "prixVente": "75",
      "qtestock": "30",
      "imageartpetitf": "images/Cerave/crème_lavante.avif",
      "imageartpetitfHover": "images/Cerave/crème_lavante1.avif",
      "marque_Spec": "Cerave"
    },
    {
      "id": 6,
      "reference": "crème_moussante",
      "designation": "Crème moussante  pour une peau très sèches",
      "marque": "Cerave",
      "prixAchat": 30,
      "prixVente": "45",
      "qtestock": "60",
      "imageartpetitf": "images/Cerave/crème_moussante.avif",
      "imageartpetitfHover": "images/Cerave/crème_moussante1.avif",
      "marque_Spec": "Cerave"
    },
    {
      "id": 7,
      "reference": "eau_micellaire",
      "designation": "Eau micellaire pour une peau normale à mixte",
      "marque": "Cerave",
      "prixAchat": 30,
      "prixVente": "55",
      "qtestock": "70",
      "imageartpetitf": "images/Cerave/eau_micellaire_peau_normal.avif",
      "imageartpetitfHover": "images/Cerave/eau_micellaire_peau_normal1.avif",
      "marque_Spec": "Cerave"
    },
    {
      "id": 8,
      "reference": "Gel moussant",
      "designation": "Gel moussant anti imperfections",
      "marque": "Cerave",
      "prixAchat": 30,
      "prixVente": "55",
      "qtestock": "60",
      "imageartpetitf": "images/Cerave/gel_moussant_anti_imperfection.avif",
      "imageartpetitfHover": "images/Cerave/gel_moussant_anti_imperfection1.avif",
      "marque_Spec": "Cerave"
    },
    {
      "id": 9,
      "reference": "Gel moussant",
      "designation": "Gel moussant peau normal à mixte",
      "marque": "Cerave",
      "prixAchat": 30,
      "prixVente": "45",
      "qtestock": "55",
      "imageartpetitf": "images/Cerave/gel_moussant_peau_normal_à_mixte.avif",
      "imageartpetitfHover": "images/Cerave/gel_moussant_peau_normal_à_mixte1.avif",
      "marque_Spec": "Cerave"
    },
    {
      "id": 10,
      "reference": "Gel_netoyant_anti_rugosité",
      "designation": "Gel netoyant anti rugosité",
      "marque": "Cerave",
      "prixAchat": 30,
      "prixVente": "65",
      "qtestock": "45",
      "imageartpetitf": "images/Cerave/gel_nettoyant_anti_rugosité.avif",
      "imageartpetitfHover": "images/Cerave/gel_nettoyant_anti_rugosité1.avif",
      "marque_Spec": "Cerave"
    },
    {
      "id": 11,
      "reference": "pain_hydratant",
      "designation": "Pain hydratant pour la peau mixte",
      "marque": "Cerave",
      "prixAchat": 20,
      "prixVente": "35",
      "qtestock": "45",
      "imageartpetitf": "images/Cerave/pain_hydratant.avif",
      "imageartpetitfHover": "images/Cerave/pain_hydratant1.avif",
      "marque_Spec": "Cerave"
    },
    {
      "id": 12,
      "reference": "sérum_anti_marque",
      "designation": "Sérum Rétinol Anti-Marques",
      "marque": "Cerave",
      "prixAchat": 50,
      "prixVente": "85",
      "qtestock": "85",
      "imageartpetitf": "images/Cerave/serum_rétinol_anti_marque.avif",
      "imageartpetitfHover": "images/Cerave/serum_rétinol_anti_marque1.avif",
      "marque_Spec": "Cerave"
    },
    {
      "id": 13,
      "reference": "Soin_concentré",
      "designation": "Crème pour un soin concentré -anti imperfections",
      "marque": "Cerave",
      "prixAchat": 50,
      "prixVente": "85",
      "qtestock": "85",
      "imageartpetitf": "images/Cerave/soin_concentré.avif",
      "imageartpetitfHover": "images/Cerave/soin_concentré1.avif",
      "marque_Spec": "Cerave"
    },
    {
      "id": 14,
      "reference": "Soin Mains",
      "designation": "Crème à mains sèches ",
      "marque": "Cerave",
      "prixAchat": 20,
      "prixVente": "35",
      "qtestock": "85",
      "imageartpetitf": "images/Cerave/crème_main.avif",
      "imageartpetitfHover": "images/Cerave/crème_main1.avif",
      "marque_Spec": "Cerave"
    },
    {
      "id": 15,
      "reference": "Soin Visage",
      "designation": "Sérum Acide Hyaluronique  ",
      "marque": "Cerave",
      "prixAchat": 20,
      "prixVente": "105",
      "qtestock": "105",
      "imageartpetitf": "images/Cerave/serum_acide_hyaluronique.avif",
      "imageartpetitfHover": "images/Cerave/serum_acide_hyaluronique1.avif",
      "marque_Spec": "Cerave"
    },
    {
      "id": 16,
      "reference": "Baume hydratant",
      "designation": "Pot Pompe -Baume hydratant pour peaux sèches   ",
      "marque": "Cerave",
      "prixAchat": 20,
      "prixVente": "85",
      "qtestock": "105",
      "imageartpetitf": "images/Cerave/pot_pompe_baume_hydratant.avif",
      "imageartpetitfHover": "images/Cerave/pot_pompe_baume_hydratant1.avif",
      "marque_Spec": "Cerave"
    },
    {
      "reference": "c dfv",
      "designation": "c dfd",
      "marque": "soin - Cerave",
      "prixAchat": "45214",
      "prixVente": "5528",
      "qtestock": "7474",
      "imageartpetitf": "images/Cerave/crème_hydratante_SPF301.avif",
      "imageartpetitfHover": "images/Cerave/baume_hydratant.avif",
      "id": 17,
      "marque_Spec": "Cerave"
    }
  ],
  "Avene": [
    {
      "id": 1,
      "reference": "crème_hydratante",
      "designation": "Crème hydratante pour peau sèche",
      "marque": "Avene",
      "prixAchat": 20,
      "prixVente": "45",
      "qtestock": "85",
      "imageartpetitf": "images/Avene/crème_hydratante_peau_sèche.avif",
      "imageartpetitfHover": "images/Avene/crème_hydratante_peau_sèche1.avif",
      "marque_Spec": "Avene"
    },
    {
      "id": 2,
      "reference": "crème_régénération",
      "designation": "Crème régénération cellulaire anti ride",
      "marque": "Avene",
      "prixAchat": 30,
      "prixVente": "65",
      "qtestock": "85",
      "imageartpetitf": "images/Avene/crème_régénération_cellulaire.avif",
      "imageartpetitfHover": "images/Avene/crème_régénération_cellulaire1.avif",
      "marque_Spec": "Avene"
    },
    {
      "id": 3,
      "reference": "démaquillant biphasé",
      "designation": "démaquillant biphasé pour peau sensible",
      "marque": "Avene",
      "prixAchat": 30,
      "prixVente": "55",
      "qtestock": "85",
      "imageartpetitf": "images/Avene/démaquillant_bi-phasé.avif",
      "imageartpetitfHover": "images/Avene/démaquillant_bi-phasé1.avif",
      "marque_Spec": "Avene"
    },
    {
      "id": 4,
      "reference": "eau micellaire",
      "designation": "eau micellaire pour peau sensible",
      "marque": "Avene",
      "prixAchat": 30,
      "prixVente": "65",
      "qtestock": "85",
      "imageartpetitf": "images/Avene/eau_micellaire.avif",
      "imageartpetitfHover": "images/Avene/eau_micellaire1.avif",
      "marque_Spec": "Avene"
    },
    {
      "id": 5,
      "reference": "eau thermale",
      "designation": "eau thermale pour homme",
      "marque": "Avene",
      "prixAchat": 20,
      "prixVente": "45",
      "qtestock": "85",
      "imageartpetitf": "images/Avene/eau_thermale_mousse.jpg",
      "imageartpetitfHover": "images/Avene/eau_thermale_mousse1.jpg",
      "marque_Spec": "Avene"
    },
    {
      "id": 6,
      "reference": "eau thermale",
      "designation": "eau thermale pour un soin pour la nuit",
      "marque": "Avene",
      "prixAchat": 30,
      "prixVente": "55",
      "qtestock": "85",
      "imageartpetitf": "images/Avene/eau_thermale_soin_nuit.avif",
      "imageartpetitfHover": "images/Avene/eau_thermale_soin_nuit1.avif",
      "marque_Spec": "Avene"
    },
    {
      "id": 7,
      "reference": "gel nettoyant",
      "designation": "gel nettoyant pour une peau à tendance acnéique",
      "marque": "Avene",
      "prixAchat": 30,
      "prixVente": "65",
      "qtestock": "85",
      "imageartpetitf": "images/Avene/gel_nettoyant.avif",
      "imageartpetitfHover": "images/Avene/gel_nettoyant1.avif",
      "marque_Spec": "Avene"
    },
    {
      "id": 8,
      "reference": "gel nettoyant",
      "designation": "gel nettoyant nutrifluide pour une peau sensible",
      "marque": "Avene",
      "prixAchat": 30,
      "prixVente": "45",
      "qtestock": "85",
      "imageartpetitf": "images/Avene/gel_nettoyant_nutrifluide.jpg",
      "imageartpetitfHover": "images/Avene/gel_nettoyant_nutrifluide1.jpg",
      "marque_Spec": "Avene"
    },
    {
      "id": 9,
      "reference": "gel hydratant",
      "designation": "gel hydratant nutrifluide pour une peau sensible",
      "marque": "Avene",
      "prixAchat": 30,
      "prixVente": "45",
      "qtestock": "85",
      "imageartpetitf": "images/Avene/hydrance_aqua_gel.avif",
      "imageartpetitfHover": "images/Avene/hydrance_aqua_gel1.avif",
      "marque_Spec": "Avene"
    },
    {
      "id": 10,
      "reference": "serum boostant",
      "designation": "sérum boostant et hydratant",
      "marque": "Avene",
      "prixAchat": 80,
      "prixVente": "105",
      "qtestock": "85",
      "imageartpetitf": "images/Avene/hydrance_boost_serum.avif",
      "imageartpetitfHover": "images/Avene/hydrance_boost_serum1.avif",
      "marque_Spec": "Avene"
    },
    {
      "id": 11,
      "reference": "Lait demaquillant",
      "designation": "lait démaquillant pour une peau sensible",
      "marque": "Avene",
      "prixAchat": 30,
      "prixVente": "65",
      "qtestock": "85",
      "imageartpetitf": "images/Avene/lait_demaquillant.avif",
      "imageartpetitfHover": "images/Avene/lait_demaquillant1.avif",
      "marque_Spec": "Avene"
    },
    {
      "id": 12,
      "reference": "masque fondamental",
      "designation": "masque fondamental pour une peau sensible",
      "marque": "Avene",
      "prixAchat": 50,
      "prixVente": "95",
      "qtestock": "85",
      "imageartpetitf": "images/Avene/masque_fondamental.jpg",
      "imageartpetitfHover": "images/Avene/masque_fondamental1.jpg",
      "marque_Spec": "Avene"
    },
    {
      "id": 13,
      "reference": "serum_exfoliant",
      "designation": "Sérum exfoliant pour une peau mixte à grasse",
      "marque": "Avene",
      "prixAchat": 70,
      "prixVente": "105",
      "qtestock": "85",
      "imageartpetitf": "images/Avene/sérum_exfoliant.avif",
      "imageartpetitfHover": "images/Avene/sérum_exfoliant1.avif",
      "marque_Spec": "Avene"
    },
    {
      "id": 14,
      "reference": "serum_réhydratant",
      "designation": "Sérum réhydratant pour une peau mixte à grasse",
      "marque": "Avene",
      "prixAchat": 80,
      "prixVente": "125",
      "qtestock": "85",
      "imageartpetitf": "images/Avene/sérum_réhydratant.jpg",
      "imageartpetitfHover": "images/Avene/sérum_réhydratant1.jpg",
      "marque_Spec": "Avene"
    },
    {
      "id": 15,
      "reference": "stick_lèvre",
      "designation": "un stick hydratant pour les lèvres",
      "marque": "Avene",
      "prixAchat": 10,
      "prixVente": "25",
      "qtestock": "85",
      "imageartpetitf": "images/Avene/stick_lèvres.avif",
      "imageartpetitfHover": "images/Avene/stick_lèvres1.avif",
      "marque_Spec": "Avene"
    }
  ],
  "Givenchy": [
    {
      "id": 1,
      "reference": "Amarige",
      "designation": "Amarige",
      "marque": "Givenchy",
      "prixAchat": 130,
      "prixVente": "350",
      "qtestock": "17",
      "imageartpetitf": "images/Givenchy/amarige.avif",
      "imageartpetitfHover": "images/Givenchy/amarige1.avif",
      "marque_Spec": "Givenchy"
    },
    {
      "id": 2,
      "reference": "coffret interdit",
      "designation": "coffret interdit parfum pour femme",
      "marque": "Givenchy",
      "prixAchat": 250,
      "prixVente": "550",
      "qtestock": "17",
      "imageartpetitf": "images/Givenchy/coffret_interdit_rose.avif",
      "imageartpetitfHover": "images/Givenchy/coffret_interdit_rose1.avif",
      "marque_Spec": "Givenchy"
    },
    {
      "id": 3,
      "reference": "Dahlia",
      "designation": "Parfum Dahlia Divin",
      "marque": "Givenchy",
      "prixAchat": 150,
      "prixVente": "355",
      "qtestock": "20",
      "imageartpetitf": "images/Givenchy/dahlia_divin.avif",
      "imageartpetitfHover": "images/Givenchy/dahlia_divin1.avif",
      "marque_Spec": "Givenchy"
    },
    {
      "id": 4,
      "reference": "Déodorant",
      "designation": "Déodorant L'INTERDIT",
      "marque": "Givenchy",
      "prixAchat": 40,
      "prixVente": "75",
      "qtestock": "30",
      "imageartpetitf": "images/Givenchy/déodorant.avif",
      "imageartpetitfHover": "images/Givenchy/déodorant1.avif",
      "marque_Spec": "Givenchy"
    },
    {
      "id": 5,
      "reference": "Parfum Hot couture",
      "designation": "Parfum Hot couture",
      "marque": "Givenchy",
      "prixAchat": 170,
      "prixVente": "225",
      "qtestock": "30",
      "imageartpetitf": "images/Givenchy/hot_couture.avif",
      "imageartpetitfHover": "images/Givenchy/hot_couture1.avif",
      "marque_Spec": "Givenchy"
    },
    {
      "id": 6,
      "reference": "interdit_noir",
      "designation": "Parfum INTERDIT",
      "marque": "Givenchy",
      "prixAchat": 170,
      "prixVente": "245",
      "qtestock": "30",
      "imageartpetitf": "images/Givenchy/interdit_noir.avif",
      "imageartpetitfHover": "images/Givenchy/interdit_noir1.avif",
      "marque_Spec": "Givenchy"
    },
    {
      "id": 7,
      "reference": "interdit_rose",
      "designation": "Parfum INTERDIT",
      "marque": "Givenchy",
      "prixAchat": 170,
      "prixVente": "355",
      "qtestock": "30",
      "imageartpetitf": "images/Givenchy/l'interdit_rose.avif",
      "imageartpetitfHover": "images/Givenchy/l'interdit_rose1.avif",
      "marque_Spec": "Givenchy"
    },
    {
      "id": 8,
      "reference": "interdit rouge",
      "designation": "Parfum INTERDIT Rouge",
      "marque": "Givenchy",
      "prixAchat": 170,
      "prixVente": "365",
      "qtestock": "30",
      "imageartpetitf": "images/Givenchy/l'interdit_rouge.avif",
      "imageartpetitfHover": "images/Givenchy/l'interdit_rouge1.avif",
      "marque_Spec": "Givenchy"
    },
    {
      "id": 9,
      "reference": "Organza",
      "designation": "Parfum Organza",
      "marque": "Givenchy",
      "prixAchat": 300,
      "prixVente": "405",
      "qtestock": "20",
      "imageartpetitf": "images/Givenchy/organza.avif",
      "imageartpetitfHover": "images/Givenchy/organza1.avif",
      "marque_Spec": "Givenchy"
    },
    {
      "id": 10,
      "reference": "very irrésistible",
      "designation": "Parfum very irrésistible",
      "marque": "Givenchy",
      "prixAchat": 170,
      "prixVente": "205",
      "qtestock": "40",
      "imageartpetitf": "images/Givenchy/very_irrésistible.avif",
      "imageartpetitfHover": "images/Givenchy/very_irrésistible1.avif",
      "marque_Spec": "Givenchy"
    },
    {
      "id": 11,
      "reference": "ange ou démon",
      "designation": "Parfum very ange ou démon Le secret",
      "marque": "Givenchy",
      "prixAchat": 170,
      "prixVente": "245",
      "qtestock": "40",
      "imageartpetitf": "images/Givenchy/ange_ou_démon_le_secret.avif",
      "imageartpetitfHover": "images/Givenchy/ange_ou_démon_le_secret1.avif",
      "marque_Spec": "Givenchy"
    },
    {
      "id": 12,
      "reference": "ange ou démon",
      "designation": "Parfum very ange ou démon",
      "marque": "Givenchy",
      "prixAchat": 170,
      "prixVente": "245",
      "qtestock": "40",
      "imageartpetitf": "images/Givenchy/ange_ou_démon.avif",
      "imageartpetitfHover": "images/Givenchy/ange_ou_démon.avif",
      "marque_Spec": "Givenchy"
    }
  ],
  "Lancome": [
    {
      "id": 1,
      "reference": "Hypnose",
      "designation": "Parfum Hypnose",
      "marque": "Lancôme",
      "prixAchat": 90,
      "prixVente": "195",
      "qtestock": "40",
      "imageartpetitf": "images/Lancome/hypnose.avif",
      "imageartpetitfHover": "images/Lancome/hypnose1.avif",
      "marque_Spec": "Lancome"
    },
    {
      "id": 2,
      "reference": "Idole l'intense",
      "designation": "Parfum Idole l'intense",
      "marque": "Lancôme",
      "prixAchat": 190,
      "prixVente": "295",
      "qtestock": "40",
      "imageartpetitf": "images/Lancome/idole_l'intense.avif",
      "imageartpetitfHover": "images/Lancome/idole_l'intense1.avif",
      "marque_Spec": "Lancome"
    },
    {
      "id": 3,
      "reference": "La nuit trésor",
      "designation": "Parfum La nuit trésor",
      "marque": "Lancôme",
      "prixAchat": 190,
      "prixVente": "285",
      "qtestock": "40",
      "imageartpetitf": "images/Lancome/la_nuit_trésor.avif",
      "imageartpetitfHover": "images/Lancome/la_nuit_trésor1.avif",
      "marque_Spec": "Lancome"
    },
    {
      "id": 4,
      "reference": "La nuit trésor intense",
      "designation": "Parfum La nuit trésor intense",
      "marque": "Lancôme",
      "prixAchat": 190,
      "prixVente": "275",
      "qtestock": "40",
      "imageartpetitf": "images/Lancome/la_nuit_trésor_intense.avif",
      "imageartpetitfHover": "images/Lancome/la_nuit_trésor_intense1.avif",
      "marque_Spec": "Lancome"
    },
    {
      "id": 5,
      "reference": "La nuit trésor nude",
      "designation": "Parfum La nuit trésor Nude",
      "marque": "Lancôme",
      "prixAchat": 190,
      "prixVente": "305",
      "qtestock": "40",
      "imageartpetitf": "images/Lancome/la_nuit_trésor_nude.avif",
      "imageartpetitfHover": "images/Lancome/la_nuit_trésor_nude1.avif",
      "marque_Spec": "Lancome"
    },
    {
      "id": 6,
      "reference": "La vie est belle en rose",
      "designation": "Parfum La vie est belle en rose",
      "marque": "Lancôme",
      "prixAchat": 190,
      "prixVente": "325",
      "qtestock": "40",
      "imageartpetitf": "images/Lancome/la_vie_est_belle_en_rose.avif",
      "imageartpetitfHover": "images/Lancome/la_vie_est_belle_en_rose1.avif",
      "marque_Spec": "Lancome"
    },
    {
      "id": 7,
      "reference": "Magie noire",
      "designation": "Parfum Magie Noire",
      "marque": "Lancôme",
      "prixAchat": 190,
      "prixVente": "325",
      "qtestock": "40",
      "imageartpetitf": "images/Lancome/magie_noire.avif",
      "imageartpetitfHover": "images/Lancome/magie_noire1.avif",
      "marque_Spec": "Lancome"
    },
    {
      "id": 8,
      "reference": "Miracle",
      "designation": "Parfum Miracle",
      "marque": "Lancôme",
      "prixAchat": 190,
      "prixVente": "355",
      "qtestock": "40",
      "imageartpetitf": "images/Lancome/miracle.avif",
      "imageartpetitfHover": "images/Lancome/miracle1.avif",
      "marque_Spec": "Lancome"
    },
    {
      "id": 9,
      "reference": "Oud bouquet",
      "designation": "Parfum Oud bouquet",
      "marque": "Lancôme",
      "prixAchat": 190,
      "prixVente": "395",
      "qtestock": "40",
      "imageartpetitf": "images/Lancome/oud_bouquet.avif",
      "imageartpetitfHover": "images/Lancome/oud_bouquet1.avif",
      "marque_Spec": "Lancome"
    }
  ],
  "Clients": [
    {
      "nom": "Ons",
      "prenom": "frikha",
      "numtel": 54650132,
      "ville": "Sfax",
      "adresse": "route mahdia",
      "id": 1,
      "image": "client1.jpg",
      "email": "onsfrikha@gmail.com"
    },
    {
      "nom": "Rana",
      "prenom": "fki",
      "numtel": 54750332,
      "ville": "Sousse",
      "adresse": "sousse sud",
      "id": 2,
      "image": "client2.jpg",
      "email": "Ranafki@gmail.com"
    },
    {
      "id": 3,
      "nom": "Ahmed",
      "prenom": "Ben Ali",
      "numtel": 55632152,
      "email": "ahmedbenali@gmail.com",
      "ville": "Sfax",
      "adresse": "route Afran",
      "image": "client5.jpg"
    },
    {
      "id": 4,
      "nom": "amir ",
      "prenom": "gfcfc",
      "numtel": "201015136243",
      "email": "fgvcfy@jhb",
      "ville": "Gabes",
      "adresse": "yvygh",
      "image": "client8.jpg"
    },
    {
      "nom": "Ons",
      "prenom": "hjnhjn,bjnnj",
      "numtel": "54650132",
      "email": "onsfrikha@gmail.com",
      "ville": "Sfax",
      "adresse": " route ain",
      "image": "client3.jpg",
      "id": 5
    },
    {
      "nom": "ahmed",
      "prenom": "khlif",
      "numtel": "94272455",
      "email": "khlifahmed1@gmail.com",
      "ville": "Sfax",
      "adresse": "sakit el zit",
      "image": "client8.jpg",
      "id": 6
    }
  ]
}